{
"formatID":1,
"schema":201604290,
"copy":"©CCP hf. All rights reserved. Used with permission.",
"version":201611140,
"verdesc":"Ascension 1.0",
"tables":{
"crpActivities":{
"j":"crpData",
"c":["activityName","description"],
"k":"activityID",
"t":"sql",
"l":20
},
"crpNPCDivisions":{
"j":"crpData",
"c":["divisionName","description","leaderType"],
"k":"divisionID",
"t":"sql",
"l":29
},
"crpNPCCorporations":{
"j":"crpData",
"c":["size","extent","solarSystemID","investorID1","investorShares1","investorID2","investorShares2","investorID3","investorShares3","investorID4","investorShares4","friendID","enemyID","publicShares","initialPrice","minSecurity","scattered","fringe","corridor","hub","border","factionID","sizeFactor","stationCount","stationSystemCount","description","iconID","corpName","divisions","research","trades"],
"k":"corporationID",
"m":{"divisions":"{ divisionID: divisionSize, ... }","research":"[ skillID, ... ]","trades":"[ typeID, ... ]"},
"t":"sql",
"l":238
},
"agtAgentTypes":{
"j":"crpData",
"c":["agentType"],
"k":"agentTypeID",
"t":"sql",
"l":12
},
"agtAgents":{
"j":"crpData",
"c":["divisionID","corporationID","locationID","level","quality","agentTypeID","isLocator","research"],
"k":"agentID",
"m":{"research":"[ typeID, ... ]"},
"t":"sql",
"l":10975
},
"chrAncestries":{
"j":"dgmMeta",
"c":["ancestryName","bloodlineID","description","perception","willpower","charisma","memory","intelligence","iconID","shortDescription"],
"k":"ancestryID",
"t":"sql",
"l":42
},
"chrAttributes":{
"j":"dgmMeta",
"c":["attributeName","description","iconID","shortDescription","notes"],
"k":"attributeID",
"t":"sql",
"l":5
},
"chrBloodlines":{
"j":"dgmMeta",
"c":["bloodlineName","raceID","description","maleDescription","femaleDescription","shipTypeID","corporationID","perception","willpower","charisma","memory","intelligence","iconID","shortDescription","shortMaleDescription","shortFemaleDescription"],
"k":"bloodlineID",
"t":"sql",
"l":15
},
"chrFactions":{
"j":"dgmMeta",
"c":["factionName","description","raceIDs","solarSystemID","corporationID","sizeFactor","stationCount","stationSystemCount","militiaCorporationID","iconID"],
"k":"factionID",
"t":"sql",
"l":21
},
"chrRaces":{
"j":"dgmMeta",
"c":["raceName","description","iconID","shortDescription"],
"k":"raceID",
"t":"sql",
"l":8
},
"chrCertificates":{
"j":"dgmMeta",
"c":["name","description","groupID","recommendedFor","skillTypes"],
"k":"raceID",
"m":{"recommendedFor":"[ typeID, ... ]","skillTypes":"{ skillID: { certLevel: skillLevel, ... }, ... }"},
"t":"yaml",
"l":124
},
"eveUnits":{
"j":"dgmMeta",
"c":["unitName","displayName","description"],
"k":"unitID",
"t":"sql",
"l":58
},
"dgmAttributeCategories":{
"j":"dgmMeta",
"c":["categoryName","categoryDescription"],
"k":"categoryID",
"t":"sql",
"l":36
},
"dgmAttributeTypes":{
"j":"dgmMeta",
"c":["attributeName","description","iconID","defaultValue","published","displayName","unitID","stackable","highIsGood","categoryID"],
"k":"attributeID",
"t":"sql",
"l":2279
},
"dgmEffects":{
"j":"dgmMeta",
"c":["effectName","effectCategory","preExpression","postExpression","description","guid","iconID","isOffensive","isAssistance","durationAttributeID","trackingSpeedAttributeID","dischargeAttributeID","rangeAttributeID","falloffAttributeID","disallowAutoRepeat","published","displayName","isWarpSafe","rangeChance","electronicChance","propulsionChance","distribution","sfxName","npcUsageChanceAttributeID","npcActivationChanceAttributeID","fittingUsageChanceAttributeID","modifierInfo"],
"k":"effectID",
"t":"sql",
"l":3841
},
"dgmTypes":{
"j":"dgmTypes",
"c":["attributes","effects"],
"k":"typeID",
"m":{"attributes":"{ attributeID: value, ... }","effects":"{ effectID: isDefault, ... }"},
"t":"sql",
"l":15620
},
"invCategories":{
"j":"invMeta",
"c":["categoryName","published"],
"k":"categoryID",
"t":"sql",
"l":42
},
"invContrabandTypes":{
"j":"invMeta",
"c":["standingLoss","confiscateMinSec","fineByValue","attackMinSec"],
"k":"typeID:factionID",
"t":"sql",
"l":8
},
"invControlTowerResourcePurposes":{
"j":"invMeta",
"c":["purposeText"],
"k":"purpose",
"t":"sql",
"l":4
},
"invControlTowerResources":{
"j":"invMeta",
"c":["purpose","quantity","minSecurityLevel","factionID"],
"k":"controlTowerTypeID:resourceTypeID",
"t":"sql",
"l":44
},
"invFlags":{
"j":"invMeta",
"c":["flagName","flagText","orderID"],
"k":"flagID",
"t":"sql",
"l":152
},
"invGroups":{
"j":"invMeta",
"c":["categoryID","groupName","description","iconID","useBasePrice","allowManufacture","allowRecycler","anchored","anchorable","fittableNonSingleton","published"],
"k":"groupID",
"t":"sql",
"l":1283
},
"invIcons":{
"j":"invMeta",
"c":["iconFile","description"],
"k":"iconID",
"t":"yaml",
"l":2353
},
"invMarketGroups":{
"j":"invMeta",
"c":["parentGroupID","marketGroupName","description","iconID","hasTypes"],
"k":"marketGroupID",
"t":"sql",
"l":2152
},
"invMetaGroups":{
"j":"invMeta",
"c":["metaGroupName","description","iconID"],
"k":"metaGroupID",
"t":"sql",
"l":14
},
"invMetaTypes":{
"j":"invMeta",
"c":["parentTypeID","metaGroupID"],
"k":"typeID",
"t":"sql",
"l":4468
},
"invTypeMaterials":{
"j":"invMeta",
"c":["quantity"],
"k":"typeID:materialTypeID",
"t":"sql",
"l":8078
},
"invTypeReactions":{
"j":"invMeta",
"c":["quantity"],
"k":"typeID:reactionTypeID:input",
"t":"sql",
"l":162
},
"invTypes":{
"j":"invTypes",
"c":["groupID","typeName","marketGroupID","published","iconID"],
"k":"typeID",
"t":"sql",
"l":31056
},
"invTypesDesc":{
"c":["description","mass","volume","capacity","portionSize","raceID","basePrice","radius","soundID","volume","graphicID","sofFactionName","traits","factionID","masteries","chanceOfDuplicating"],
"k":"typeID",
"t":"sql",
"s":[
["00",0,12718],
["01",12729,21326],
["02",21328,27899],
["03",27900,34349],
["04",34350,40128],
["05",40129,365200],
["06",365229,441265]],
"l":31056
},
"invItems":{
"c":["typeID","ownerID","locationID","flagID","quantity","itemName","uniqueName","groupID","x","y","z","yaw","pitch","roll"],
"k":"itemID",
"t":"sql",
"s":[
["00",0,4126012],
["01",4126013,40002771],
["02",40002772,40015279],
["03",40015280,40027779],
["04",40027780,40040279],
["05",40040280,40052779],
["06",40052780,40065279],
["07",40065280,40077793],
["08",40077794,40090303],
["09",40090304,40102817],
["10",40102818,40115334],
["11",40115335,40127839],
["12",40127840,40140339],
["13",40140340,40152844],
["14",40152845,40165349],
["15",40165350,40177893],
["16",40177894,40190446],
["17",40190447,40202954],
["18",40202955,40215470],
["19",40215471,40227970],
["20",40227971,40240470],
["21",40240471,40252970],
["22",40252971,40265479],
["23",40265480,40277994],
["24",40277995,40290494],
["25",40290495,40302995],
["26",40302996,40315506],
["27",40315507,40328028],
["28",40328029,40348835],
["29",40348836,40361690],
["30",40361691,40374190],
["31",40374191,40386690],
["32",40386691,40399190],
["33",40399191,40411690],
["34",40411691,40424190],
["35",40424191,40436690],
["36",40436691,40449190],
["37",40449191,40462849],
["38",40462850,40477845],
["39",40477847,50003308],
["40",50003309,60004987],
["41",60004990,66011312],
["42",66011315,69000003]],
"l":531470
},
"mapKRegions":{
"j":"mapKSpace",
"c":["regionName","center","min","max","factionID","descriptionID","nebula","wormholeClassID"],
"k":"regionID",
"t":"dir",
"l":64
},
"mapKConstellations":{
"j":"mapKSpace",
"c":["regionID","constellationName","center","min","max","radius"],
"k":"constellationID",
"t":"dir",
"l":751
},
"mapKSolarSystems":{
"j":"mapKSpace",
"c":["regionID","constellationID","solarSystemName","center","min","max","radius","border","fringe","corridor","hub","international","regional","security","securityApparent","securityClass","wormholeClassID","stationCount","jumps","contiguous"],
"k":"solarSystemID",
"t":"dir",
"l":5201
},
"mapLandmarks":{
"j":"mapKSpace",
"c":["landmarkNameID","descriptionID","locationID","position","iconID"],
"k":"landmarkID",
"t":"dir",
"l":45
},
"warCombatZones":{
"j":"mapKSpace",
"c":["combatZoneName","factionID","centerSystemID","description"],
"k":"combatZoneID",
"t":"sql",
"l":4
},
"warCombatZoneSystems":{
"j":"mapKSpace",
"c":["combatZoneID"],
"k":"solarSystemID",
"t":"sql",
"l":171
},
"mapKRegionJumps":{
"j":"mapKJumps",
"c":[],
"k":"fromRegionID:toRegionID",
"t":"dir",
"l":64
},
"mapKConstellationJumps":{
"j":"mapKJumps",
"c":["fromRegionID","toRegionID"],
"k":"fromConstellationID:toConstellationID",
"t":"dir",
"l":751
},
"mapKSolarSystemJumps":{
"j":"mapKJumps",
"c":["fromRegionID","fromConstellationID","toConstellationID","toRegionID"],
"k":"fromSolarSystemID:toSolarSystemID",
"t":"dir",
"l":5201
},
"mapKStars":{
"j":"mapKStars",
"c":["solarSystemID","typeID","radius","itemName","age","life","locked","luminosity","spectralClass","temperature"],
"k":"itemID",
"t":"dir",
"l":5201
},
"mapKSolarSystemObjects":{
"c":["planets","moons","belts","gates","stations"],
"k":"solarSystemID",
"t":"dir",
"s":[
["00",30000001,30002230],
["01",30002231,30004230],
["02",30004231,30045354]],
"l":5201
},
"mapKPlanets":{
"c":["solarSystemID","itemName","typeID","celestialIndex","position","heightMap1","heightMap2","population","shaderPreset","density","eccentricity","escapeVelocity","fragmented","life","locked","massDust","massGas","orbitPeriod","orbitRadius","pressure","radius","rotationRate","spectralClass","surfaceGravity","temperature"],
"k":"itemID",
"t":"dir",
"s":[
["00",40000002,40043831],
["01",40043834,40081738],
["02",40081739,40127086],
["03",40127088,40164807],
["04",40164813,40201478],
["05",40201483,40238411],
["06",40238413,40275528],
["07",40275531,40312644],
["08",40312675,40350367]],
"l":44195
},
"mapKMoons":{
"c":["solarSystemID","planetID","itemName","typeID","position","heightMap1","heightMap2","population","shaderPreset"],
"k":"itemID",
"t":"dir",
"s":[
["00",40000004,40014474],
["01",40014475,40035514],
["02",40035515,40050025],
["03",40050026,40064490],
["04",40064491,40079037],
["05",40079038,40098424],
["06",40098425,40115822],
["07",40115823,40130213],
["08",40130217,40144634],
["09",40144635,40159395],
["10",40159396,40173869],
["11",40173872,40188529],
["12",40188530,40203017],
["13",40203018,40217466],
["14",40217467,40232073],
["15",40232074,40246765],
["16",40246766,40261395],
["17",40261396,40276126],
["18",40276127,40290979],
["19",40290981,40305311],
["20",40305312,40319918],
["21",40319919,40334690],
["22",40334691,40350398]],
"l":225079
},
"mapKBelts":{
"c":["solarSystemID","planetID","moonID","itemName","typeID","position"],
"k":"itemID",
"t":"dir",
"s":[
["00",40000003,40068032],
["01",40068044,40137220],
["02",40137224,40198828],
["03",40198847,40260324],
["04",40260325,40321024],
["05",40321041,40350399]],
"l":53337
},
"mapKGates":{
"j":"mapKGates",
"c":["solarSystemID","itemName","typeID","destination","position"],
"k":"itemID",
"t":"dir",
"l":13794
},
"mapXRegions":{
"j":"mapXSpace",
"c":["regionName","center","min","max","factionID","descriptionID","nebula","wormholeClassID"],
"k":"regionID",
"t":"dir",
"l":3
},
"mapXConstellations":{
"j":"mapXSpace",
"c":["regionID","constellationName","center","min","max","radius"],
"k":"constellationID",
"t":"dir",
"l":35
},
"mapXSolarSystems":{
"j":"mapXSpace",
"c":["regionID","constellationID","solarSystemName","center","min","max","radius","border","fringe","corridor","hub","international","regional","security","securityApparent","securityClass","wormholeClassID","stationCount","jumps"],
"k":"solarSystemID",
"t":"dir",
"l":230
},
"mapXRegionJumps":{
"j":"mapXJumps",
"c":[],
"k":"fromRegionID:toRegionID",
"t":"dir",
"l":0
},
"mapXConstellationJumps":{
"j":"mapXJumps",
"c":["fromRegionID","toRegionID"],
"k":"fromConstellationID:toConstellationID",
"t":"dir",
"l":0
},
"mapXSolarSystemJumps":{
"j":"mapXJumps",
"c":["fromRegionID","fromConstellationID","toConstellationID","toRegionID"],
"k":"fromSolarSystemID:toSolarSystemID",
"t":"dir",
"l":13
},
"mapXStars":{
"j":"mapXStars",
"c":["solarSystemID","typeID","radius","itemName","age","life","locked","luminosity","spectralClass","temperature"],
"k":"itemID",
"t":"dir",
"l":230
},
"mapXSolarSystemObjects":{
"c":["planets","moons","belts","gates","stations"],
"k":"solarSystemID",
"t":"dir",
"s":[
["00",30000326,30001643]],
"l":230
},
"mapXPlanets":{
"c":["solarSystemID","itemName","typeID","celestialIndex","position","heightMap1","heightMap2","population","shaderPreset","density","eccentricity","escapeVelocity","fragmented","life","locked","massDust","massGas","orbitPeriod","orbitRadius","pressure","radius","rotationRate","spectralClass","surfaceGravity","temperature"],
"k":"itemID",
"t":"dir",
"s":[
["00",40020477,40104655]],
"l":1977
},
"mapXMoons":{
"c":["solarSystemID","planetID","itemName","typeID","position","heightMap1","heightMap2","population","shaderPreset"],
"k":"itemID",
"t":"dir",
"s":[
["00",40020480,40104657]],
"l":9572
},
"mapXBelts":{
"c":["solarSystemID","planetID","moonID","itemName","typeID","position"],
"k":"itemID",
"t":"dir",
"s":[
["00",40020478,40104656]],
"l":2240
},
"mapXGates":{
"j":"mapXGates",
"c":["solarSystemID","itemName","typeID","destination","position"],
"k":"itemID",
"t":"dir",
"l":32
},
"mapJRegions":{
"j":"mapJSpace",
"c":["regionName","center","min","max","factionID","descriptionID","nebula","wormholeClassID"],
"k":"regionID",
"t":"dir",
"l":33
},
"mapJConstellations":{
"j":"mapJSpace",
"c":["regionID","constellationName","center","min","max","radius"],
"k":"constellationID",
"t":"dir",
"l":334
},
"mapJSolarSystems":{
"j":"mapJSpace",
"c":["regionID","constellationID","solarSystemName","center","min","max","radius","border","fringe","corridor","hub","international","regional","security","securityApparent","securityClass","wormholeClassID","stationCount","jumps"],
"k":"solarSystemID",
"t":"dir",
"l":2604
},
"mapJStars":{
"j":"mapJStars",
"c":["solarSystemID","typeID","radius","itemName","age","life","locked","luminosity","spectralClass","temperature"],
"k":"itemID",
"t":"dir",
"l":2604
},
"mapJSolarSystemObjects":{
"c":["planets","moons","belts","gates","stations"],
"k":"solarSystemID",
"t":"dir",
"s":[
["00",31000001,31002000],
["01",31002001,31002604]],
"l":2604
},
"mapJPlanets":{
"c":["solarSystemID","itemName","typeID","celestialIndex","position","heightMap1","heightMap2","population","shaderPreset","density","eccentricity","escapeVelocity","fragmented","life","locked","massDust","massGas","orbitPeriod","orbitRadius","pressure","radius","rotationRate","spectralClass","surfaceGravity","temperature"],
"k":"itemID",
"t":"dir",
"s":[
["00",40350752,40382553],
["01",40382555,40413400],
["02",40413405,40444045],
["03",40444066,40479343],
["04",40479363,40488501]],
"l":21789
},
"mapJMoons":{
"c":["solarSystemID","planetID","itemName","typeID","position","heightMap1","heightMap2","population","shaderPreset"],
"k":"itemID",
"t":"dir",
"s":[
["00",40350755,40362868],
["01",40362869,40375041],
["02",40375042,40387282],
["03",40387283,40399361],
["04",40399362,40411634],
["05",40411635,40423824],
["06",40423825,40436072],
["07",40436074,40448291],
["08",40448292,40461327],
["09",40461329,40476036],
["10",40476037,40487618]],
"l":107519
},
"ramActivities":{
"j":"ramMeta",
"c":["activityName","iconNo","description","published"],
"k":"activityID",
"t":"sql",
"l":9
},
"ramAssemblyLineStations":{
"j":"ramMeta",
"c":["quantity","stationTypeID","ownerID","solarSystemID","regionID"],
"k":"stationID:assemblyLineTypeID",
"t":"sql",
"l":2254
},
"ramAssemblyLineTypes":{
"j":"ramMeta",
"c":["assemblyLineTypeName","description","baseTimeMultiplier","baseMaterialMultiplier","baseCostMultiplier","volume","activityID","minCostPerHour","categoryMulti","groupMulti"],
"k":"assemblyLineTypeID",
"m":{"categoryMulti":"{ categoryID: [timeMultiplier, materialMultiplier, costMultiplier], ... }","groupMulti":"{ groupID: [timeMultiplier, materialMultiplier, costMultiplier], ... }"},
"t":"sql",
"l":141
},
"ramInstallationTypeContents":{
"j":"ramMeta",
"c":["quantity"],
"k":"installationTypeID:assemblyLineTypeID",
"t":"sql",
"l":99
},
"ramBlueprints":{
"j":"ramBlueprints",
"c":["maxProductionLimit","activities"],
"k":"blueprintTypeID",
"m":{"activities":"{ activityID: { #see blueprints.yaml# }, ... }"},
"t":"yaml",
"l":4028
},
"staServices":{
"j":"staData",
"c":["serviceName","description"],
"k":"serviceID",
"t":"sql",
"l":27
},
"staOperations":{
"j":"staData",
"c":["activityID","operationName","description","fringe","corridor","hub","border","ratio","caldariStationTypeID","minmatarStationTypeID","amarrStationTypeID","gallenteStationTypeID","joveStationTypeID","services"],
"k":"operationID",
"m":{"services":"[ serviceID, ... ]"},
"t":"sql",
"l":55
},
"staStationTypes":{
"j":"staData",
"c":["dockEntryX","dockEntryY","dockEntryZ","dockOrientationX","dockOrientationY","dockOrientationZ","operationID","officeSlots","reprocessingEfficiency","conquerable"],
"k":"stationTypeID",
"t":"sql",
"l":67
},
"staStations":{
"j":"staData",
"c":["security","dockingCostPerVolume","maxShipVolumeDockable","officeRentalCost","operationID","stationTypeID","corporationID","solarSystemID","constellationID","regionID","stationName","x","y","z","reprocessingEfficiency","reprocessingStationsTake","reprocessingHangarFlag"],
"k":"stationID",
"t":"sql",
"l":5189
}
}
}
